product_id,review
11385242,"I've had some issues with jamming, but overall Flumplenook is a great addition to my kitchen. The suction cup on the bottom can be a bit finicky, but once you get the hang of it, it's a game-changer. Love the compact design and the fact that it's dishwasher safe."
11385242,"Unfortunately, I found Flumplenook to be a bit of a learning curve. The instructions were unclear and I ended up with more mess than I started with. However, once I figured it out, it does make cooking faster and more efficient. Just wish they'd include a recipe book or online tutorials to help with getting started."
19246147,"I'm obsessed with Snurfle's new 'Moonlit Meadow' scent! It captures the essence of a warm summer evening, transporting me to a peaceful forest glade every time I light it. The fragrance is subtle yet alluring, making it perfect for a relaxing bath or meditation session."
19246147,"I was wasn't sure about trying a candle with an outdoor-inspired scent, but Snurfle's 'Wildflower Woods' really surprised me! The blend of floral and earthy notes is so unique and refreshing. It's now my go-to candle for springtime vibes in my living room"
19246147,"While I appreciate the creativity behind Snurfle's fragrances, I found the 'Rainforest Rain' scent to be a bit too overpowering for my taste. It's definitely a strong and bold fragrance, but not quite what I expected from a more delicate candle like this. Maybe try a smaller size first before committing to a larger one?"
91080316,"I've been using Zinga for a week now, and I'm obsessed! The watch is sleek and comfortable to wear. The activity tracking feature is so accurate, it even caught me sleeping in 10 minutes longer than I thought I was! The personalized recommendations have helped me stay on track with my goals and I feel more focused throughout the day."
91080316,"I got Zinga as a gift for my husband and he loves it! He's not super tech-savvy, but he found the setup process easy and the features are pretty cool. However, the battery life could be better. We'll see how long it lasts after a full charge, but so far so good!"
46814909,"I was skeptical about this speaker at first, but it's actually really great! The sound quality is surprisingly good and it's so easy to pair with my phone. I've used it in the shower and by the pool and it's been a game-changer. Highly recommend!"
46814909,"This speaker is super convenient for the beach or pool. It's small enough to fit in my bag and the sound is decent. However, it does tend to get a bit distorted when submerged underwater. Still a solid choice for a fun summer accessory."
46814909,"I was expecting more from this speaker, especially considering the price. The sound quality is okay, but it's not as loud as I thought it would be. Also, the battery life could be better. That being said, it's still a cute little thing that's easy to use and looks cool in the water. Maybe worth it if you're looking for something basic."
76407676,"I was skeptical about switching to an eco-friendly cleaner, but Jinkle's gentle formula really won me over! My home has never been cleaner and my skin doesn't react badly to it. Plus, the scents are amazing!"
76407676,"I've tried a lot of natural cleaners before, but Jinkle is one of the best. The plant-based ingredients make me feel good about using them in my home. Only wish they came in bigger sizes!"
76407676,"I'm not usually a fan of strong-smelling cleaners, but Jinkle's subtle scent is actually quite pleasant. However, I do wish they had more variety in their product line. Still, it's nice to know I'm doing something good for the planet."
17532321,"I was skeptical at first, but the Wizzle really delivers! I used it on my bed and it's so much fun. It's like having a mini trampoline in your bedroom! The best part is that it's super easy to set up and take down."
17532321,"The Wizzle is a great way to get some exercise while watching TV or playing video games. It's small enough to fit under my desk, so I can bounce away while I'm working from home. Just be careful not to bounce too high or you might knock things over!"
17532321,"I was expecting more out of the Wizzle, unfortunately. While it's fun to use, it's not as sturdy as I thought it would be. I accidentally dropped it once and it got a little bent. Still, it's a good way to get some low-impact exercise in, especially if you're just starting out with fitness."
26171214,I'm obsessed with Kablooie! The variety is amazing and the quality is top-notch. My favorite so far has been the truffle gouda. Can't wait for next month's delivery!
26171214,"Kablooie is okay, I guess. The cheeses are nice, but sometimes they're not what I expected. Still, it's a fun surprise every month and I like trying new things. Maybe just needs some more variety in their selection."
74232095,"I was skeptical about this case at first, but it's been through a few rough days with me and my phone is still dry as a bone! The Splishy case has kept it safe from water, mud, and even a little bit of sand. Highly recommend!"
74232095,"I've used this case on hikes and camping trips and it's been great so far. It's definitely not perfect, but it's done its job in keeping my phone protected from the elements. Just wish it came with a screen protector too..."
74232095,"I bought this case thinking it would be more durable than it is. After a few drops of water got inside, I had to dry it out with a towel. Not impressed. Maybe it's okay for casual use, but if you're looking for something super rugged, keep looking."
90587663,Glints are so much fun to work with! I used them on a cake for my friend's birthday and it looked amazing. The only thing is that they can be a bit messy to apply.
90587663,I've never seen anything like Glint before! These edible decorations are so sparkly and delicious. I used them on a vanilla cupcake and it tasted like a sweet little piece of heaven. Highly recommend!
65134363,"I'm obsessed with Blerp! As a cat mom, I love sharing adorable pics of my kitty, Luna, and connecting with other cat lovers. The community is so supportive and fun!"
65134363,"Blerp is purr-fectly wonderful! I was skeptical at first, but now I'm hooked on seeing all the cute cat faces and reading funny stories from fellow felines. My cat, Mr. Bigglesworth, even has his own fan club"
65134363,"As a busy cat owner, I appreciate the ease of use on Blerp. However, sometimes the app can be slow to load and I wish there were more features for sharing videos. Still, it's a great way to connect with other cat enthusiasts"
34290419,"I was skeptical at first, but my kids loved this thing! The Whirlybird is so much fun to play with. It's easy to use and the designs on the blades are really cool. My only complaint is that it's a bit loud when it gets going, but overall a great toy!"
34290419,"The Whirlybird is a unique gift idea for my nephew's birthday party. He loves playing with it and it's a great way to get him moving around. The battery life could be better, but overall a good value for the price."
34290419,"I thought I'd love the Whirlybird, but unfortunately it's not as durable as I expected. The plastic feels cheap and the motor is already starting to slow down after just a few uses. Maybe it's just a one-time fluke, but I'm not sure if I would recommend it."
